"date","lon","lat"
2014-02-18 03:32:08,-60.1675415039063,43.9757690429688
2014-02-18 15:32:08,-60.1678504943848,43.9757881164551
2014-02-19 03:32:08,-60.1680107116699,43.9756813049316
2014-02-19 11:00:07,-60.1703491210938,43.9753189086914
2014-02-19 12:02:40,-60.203498840332,43.9492797851563
2014-02-19 13:04:07,-60.2250289916992,43.9156303405762
2014-02-19 14:05:30,-60.2445182800293,43.8779106140137
2014-02-19 15:07:54,-60.2536506652832,43.8371200561523
2014-02-19 16:14:20,-60.2676200866699,43.7959289550781
2014-02-19 21:27:42,-60.3977584838867,43.6207618713379
2014-02-19 23:38:06,-60.4555282592773,43.5659294128418
2014-02-20 00:39:44,-60.4885215759277,43.5500106811523
2014-02-20 01:44:39,-60.5342483520508,43.5390014648438
2014-02-20 02:50:54,-60.5792503356934,43.5233116149902
2014-02-20 03:51:44,-60.6134796142578,43.5051498413086
2014-02-20 10:06:30,-60.8426208496094,43.3899192810059
2014-02-20 11:08:04,-60.8900489807129,43.3847007751465
2014-02-20 12:08:58,-60.9338111877441,43.3768501281738
2014-02-20 14:11:38,-60.9845695495605,43.3267402648926
2014-02-20 15:16:28,-60.9902610778809,43.2895393371582
2014-02-20 19:22:04,-61.0668907165527,43.146800994873
2014-02-20 23:30:09,-61.3275909423828,43.0878295898438
2014-02-21 00:32:58,-61.3864898681641,43.1021194458008
2014-02-21 01:34:46,-61.4532203674316,43.1096687316895
2014-02-21 02:39:35,-61.5178985595703,43.1182708740234
2014-02-21 03:44:29,-61.5717582702637,43.122730255127
2014-02-21 04:49:34,-61.6223182678223,43.1225814819336
2014-02-21 06:54:55,-61.7154197692871,43.1200408935547
2014-02-21 07:56:05,-61.7629585266113,43.1241798400879
2014-02-21 08:58:11,-61.8151702880859,43.122989654541
2014-02-21 10:00:39,-61.8684310913086,43.1249809265137
2014-02-21 11:01:19,-61.9205207824707,43.1187705993652
2014-02-21 14:09:53,-62.0805206298828,43.1309013366699
2014-02-21 15:10:30,-62.1263313293457,43.1386299133301
2014-02-21 16:11:43,-62.169750213623,43.141960144043
2014-02-21 17:11:48,-62.2031288146973,43.1465911865234
2014-02-21 18:15:55,-62.240550994873,43.1537818908691
2014-02-21 19:16:00,-62.2737617492676,43.155891418457
2014-02-21 20:17:00,-62.3254013061523,43.1487197875977
2014-02-21 22:27:53,-62.4323387145996,43.1405601501465
2014-02-21 23:27:53,-62.4731292724609,43.1387786865234
2014-02-22 01:28:55,-62.5349311828613,43.1403503417969
2014-02-22 02:29:40,-62.5893211364746,43.1455917358398
2014-02-22 03:30:14,-62.6415481567383,43.1568489074707
2014-02-22 04:32:09,-62.6869506835938,43.1582298278809
2014-02-22 05:36:09,-62.7334403991699,43.1604194641113
2014-02-22 06:41:56,-62.7803802490234,43.1624984741211
2014-02-22 08:46:26,-62.8734283447266,43.1698188781738
2014-02-22 09:53:12,-62.9146614074707,43.1864013671875
2014-02-22 10:53:14,-62.9542808532715,43.1911201477051
2014-02-22 11:53:14,-62.9943504333496,43.2003517150879
2014-02-22 13:56:59,-63.0873908996582,43.2175903320313
2014-02-22 14:57:12,-63.1303405761719,43.2078285217285
2014-02-22 15:59:56,-63.1773300170898,43.1917610168457
2014-02-22 18:05:36,-63.2581596374512,43.1554489135742
2014-02-22 20:14:12,-63.3186912536621,43.1245803833008
2014-02-22 21:14:11,-63.3424110412598,43.1111297607422
2014-02-22 23:19:55,-63.4328193664551,43.0820693969727
2014-02-23 00:20:42,-63.4605407714844,43.0676116943359
2014-02-23 01:24:22,-63.4928398132324,43.0461807250977
2014-02-23 03:28:46,-63.5808792114258,43.0067481994629
2014-02-23 10:46:00,-63.7941017150879,42.8606796264648
2014-02-23 11:48:46,-63.8207397460938,42.8807907104492
2014-02-23 12:52:58,-63.8650817871094,42.892219543457
2014-02-23 13:57:56,-63.9139709472656,42.8980407714844
2014-02-23 14:59:23,-63.9630088806152,42.8983612060547
2014-02-23 15:59:28,-64.0103607177734,42.8996086120605
2014-02-23 17:01:31,-64.0596008300781,42.8933982849121
2014-02-23 18:06:51,-64.1106109619141,42.8920288085938
2014-02-23 19:10:19,-64.1539916992188,42.9065208435059
2014-02-23 21:10:50,-64.2356567382813,42.9092292785645
2014-02-23 23:12:37,-64.3077774047852,42.8811302185059
2014-02-24 00:12:40,-64.3437881469727,42.8586883544922
2014-02-24 01:13:11,-64.3881301879883,42.8400497436523
2014-02-24 03:16:44,-64.4742965698242,42.8003196716309
2014-02-24 04:21:39,-64.529670715332,42.785530090332
2014-02-24 06:21:44,-64.6195373535156,42.7778015136719
2014-02-24 08:34:12,-64.7227935791016,42.7486114501953
2014-02-24 09:39:23,-64.7696304321289,42.7323684692383
2014-02-24 10:46:09,-64.8078384399414,42.7145614624023
2014-02-24 11:52:39,-64.8435668945313,42.7000885009766
2014-02-24 12:55:23,-64.8828811645508,42.6822204589844
2014-02-24 15:01:31,-64.9509429931641,42.6324195861816
2014-02-24 16:06:32,-64.9746780395508,42.6184005737305
2014-02-24 17:12:28,-65.0182723999023,42.600170135498
2014-02-24 18:16:39,-65.0532073974609,42.5890617370605
2014-02-24 21:22:57,-65.1768569946289,42.5610694885254
2014-02-24 22:23:00,-65.2126617431641,42.5469207763672
2014-02-24 23:24:18,-65.2384262084961,42.5234794616699
2014-02-25 00:24:37,-65.2329483032227,42.492790222168
2014-02-25 01:26:26,-65.2282562255859,42.4570999145508
2014-02-25 03:38:20,-65.2742919921875,42.3848304748535
2014-02-25 04:44:00,-65.3113708496094,42.3486404418945
2014-02-25 05:47:42,-65.3710021972656,42.3282012939453
2014-02-25 07:52:45,-65.4395980834961,42.2860298156738
2014-02-25 09:59:45,-65.5204391479492,42.2618713378906
2014-02-25 11:01:10,-65.5478515625,42.2421798706055
2014-02-25 12:04:16,-65.5850219726563,42.2288398742676
2014-02-25 13:04:21,-65.6298522949219,42.213939666748
2014-02-25 14:05:35,-65.6668472290039,42.1916694641113
2014-02-25 15:06:00,-65.6902313232422,42.1718902587891
2014-02-25 16:13:07,-65.7068786621094,42.1543197631836
2014-02-25 17:13:13,-65.7373962402344,42.1409683227539
2014-02-25 20:19:51,-65.8664321899414,42.1434783935547
2014-02-25 23:21:52,-66.0414962768555,42.2123489379883
2014-02-26 00:24:43,-66.0617370605469,42.2292785644531
2014-02-26 01:24:48,-66.0691833496094,42.2390594482422
2014-02-26 04:26:24,-66.0279998779297,42.2403793334961
2014-02-26 06:26:51,-66.0214233398438,42.2238883972168
2014-02-26 08:27:14,-66.0623397827148,42.2094993591309
2014-02-26 09:28:15,-66.0995788574219,42.199821472168
2014-02-26 10:28:33,-66.1304016113281,42.1834983825684
2014-02-26 11:29:00,-66.1504364013672,42.1638717651367
2014-02-26 12:33:46,-66.1571807861328,42.1404685974121
2014-02-26 13:39:05,-66.1564331054688,42.11376953125
2014-02-26 14:39:28,-66.1530990600586,42.0839385986328
2014-02-26 15:44:54,-66.1493377685547,42.0518112182617
2014-02-26 16:44:57,-66.1593399047852,42.0392303466797
2014-02-26 17:45:00,-66.1732635498047,42.0174789428711
2014-02-26 18:48:48,-66.2029266357422,41.9938812255859
2014-02-26 19:54:29,-66.2205581665039,41.9822807312012
2014-02-26 22:02:04,-66.3026504516602,41.9777488708496
2014-02-26 23:02:04,-66.305419921875,41.9834785461426
2014-02-27 00:02:59,-66.32470703125,41.9753303527832
2014-02-27 01:03:31,-66.3317337036133,41.972469329834
2014-02-27 03:05:47,-66.3102188110352,41.9481391906738
2014-02-27 04:06:18,-66.3082122802734,41.9112205505371
2014-02-27 05:06:40,-66.316650390625,41.8748588562012
2014-02-27 07:14:44,-66.3306274414063,41.8185691833496
2014-02-27 09:23:51,-66.3972015380859,41.8138885498047
2014-02-27 10:31:04,-66.4090576171875,41.8277397155762
2014-02-27 11:32:25,-66.4393997192383,41.8371315002441
2014-02-27 12:38:13,-66.4575805664063,41.8502006530762
2014-02-27 13:38:16,-66.4666595458984,41.8600387573242
2014-02-27 14:38:41,-66.4653625488281,41.8574981689453
2014-02-27 15:41:23,-66.4673461914063,41.8431205749512
2014-02-27 17:46:24,-66.4685516357422,41.7901802062988
2014-02-27 18:49:08,-66.4940414428711,41.7602500915527
2014-02-27 19:49:12,-66.5478515625,41.7450790405273
2014-02-27 21:53:40,-66.6481781005859,41.7388305664063
2014-02-27 22:53:58,-66.6898193359375,41.7473602294922
2014-02-28 06:00:20,-66.6767807006836,41.7723388671875
2014-02-28 08:10:52,-66.6077117919922,41.7303695678711
2014-02-28 09:10:57,-66.5989685058594,41.7378616333008
2014-02-28 10:11:00,-66.597770690918,41.7598495483398
2014-02-28 11:11:58,-66.59326171875,41.7825584411621
2014-02-28 12:11:59,-66.5964431762695,41.810661315918
2014-02-28 13:12:46,-66.5851669311523,41.8244705200195
2014-02-28 14:14:45,-66.554557800293,41.8316497802734
2014-02-28 16:17:21,-66.5056304931641,41.8433799743652
2014-02-28 17:23:04,-66.4874114990234,41.8391799926758
2014-02-28 20:35:33,-66.5003280639648,41.8216094970703
2014-02-28 21:35:36,-66.5141525268555,41.8184814453125
2014-02-28 23:38:13,-66.5329818725586,41.8546485900879
2014-03-01 00:38:46,-66.5355911254883,41.8852882385254
2014-03-01 01:38:52,-66.5253601074219,41.9153709411621
2014-03-01 02:39:42,-66.4925003051758,41.9297485351563
2014-03-01 03:39:48,-66.4591064453125,41.9395713806152
2014-03-01 06:45:33,-66.3456802368164,41.8853797912598
2014-03-01 07:46:15,-66.3430786132813,41.8518905639648
2014-03-01 09:51:10,-66.3695602416992,41.8299903869629
2014-03-01 10:51:35,-66.411003112793,41.8380699157715
2014-03-01 11:54:40,-66.445442199707,41.84619140625
2014-03-01 12:55:39,-66.4759979248047,41.8568687438965
2014-03-01 13:56:10,-66.4906768798828,41.8686599731445
2014-03-01 15:04:44,-66.4782562255859,41.8808403015137
2014-03-01 16:51:51,-66.4335479736328,41.8914413452148
2014-03-01 17:52:33,-66.4114227294922,41.8836517333984
2014-03-01 18:55:53,-66.3778991699219,41.8701095581055
2014-03-01 20:02:51,-66.3735961914063,41.8402214050293
2014-03-01 21:07:06,-66.3896179199219,41.8209686279297
2014-03-01 22:07:59,-66.4153594970703,41.8219718933105
2014-03-01 23:08:04,-66.4380874633789,41.8236618041992
2014-03-02 00:08:09,-66.4404983520508,41.8380889892578
2014-03-02 01:08:12,-66.4274291992188,41.8640785217285
2014-03-02 03:10:28,-66.4134521484375,41.9267616271973
2014-03-02 04:10:32,-66.3817367553711,41.9404182434082
2014-03-02 05:10:32,-66.3332824707031,41.9359092712402
2014-03-02 07:11:24,-66.2337188720703,41.9011306762695
2014-03-02 08:11:28,-66.2222290039063,41.8540000915527
2014-03-02 09:11:46,-66.2366790771484,41.8219299316406
2014-03-02 10:12:12,-66.2712936401367,41.8036994934082
2014-03-02 11:16:16,-66.3206329345703,41.7991905212402
2014-03-02 13:17:09,-66.4051132202148,41.8042793273926
2014-03-02 15:17:12,-66.4406890869141,41.846321105957
2014-03-02 16:21:25,-66.4400024414063,41.8715209960938
2014-03-02 17:23:04,-66.4401473999023,41.8721618652344
2014-03-02 19:30:42,-66.4157028198242,41.859130859375
2014-03-02 20:32:04,-66.4124374389648,41.8485794067383
2014-03-03 02:34:50,-66.5234527587891,41.8746185302734
2014-03-03 03:34:56,-66.4965362548828,41.8910789489746
2014-03-03 04:36:36,-66.456787109375,41.9117202758789
2014-03-03 05:36:37,-66.406867980957,41.9325714111328
2014-03-03 06:39:21,-66.3520126342773,41.9295082092285
2014-03-03 08:43:46,-66.2671432495117,41.8687591552734
2014-03-03 09:48:18,-66.249397277832,41.8368110656738
2014-03-03 10:53:12,-66.2573318481445,41.8340492248535
2014-03-03 11:53:16,-66.2940521240234,41.8311195373535
2014-03-03 13:55:13,-66.3498229980469,41.8574485778809
2014-03-03 14:55:49,-66.3833389282227,41.8797988891602
2014-03-03 15:58:32,-66.4177780151367,41.9118194580078
2014-03-03 18:03:41,-66.4224014282227,41.9297294616699
2014-03-03 19:05:10,-66.3909530639648,41.9220085144043
2014-03-03 23:15:33,-66.3383331298828,41.8703002929688
2014-03-04 02:19:12,-66.3858795166016,41.8796691894531
2014-03-04 03:19:17,-66.3824081420898,41.9100112915039
2014-03-04 04:21:31,-66.3732299804688,41.9276885986328
2014-03-04 05:23:16,-66.3432769775391,41.9241714477539
2014-03-04 06:24:12,-66.2980804443359,41.9266204833984
2014-03-04 09:24:34,-66.1940612792969,41.884090423584
2014-03-04 10:25:58,-66.1782073974609,41.864860534668
2014-03-04 11:30:33,-66.1765899658203,41.8491287231445
2014-03-04 12:32:45,-66.2001113891602,41.8257102966309
2014-03-04 13:32:45,-66.2338409423828,41.8257904052734
2014-03-04 14:33:57,-66.2672424316406,41.8297805786133
2014-03-04 15:40:57,-66.3031616210938,41.8313903808594
2014-03-04 17:43:59,-66.3415298461914,41.8512916564941
2014-03-04 18:45:39,-66.3243026733398,41.8630599975586
2014-03-04 20:49:55,-66.2717437744141,41.8678398132324
2014-03-04 21:50:00,-66.2438507080078,41.8664398193359
2014-03-04 22:50:00,-66.2345962524414,41.8460998535156
2014-03-04 23:53:23,-66.2253036499023,41.8344306945801
2014-03-05 03:57:05,-66.3391723632813,41.8545303344727
2014-03-05 05:01:26,-66.3557510375977,41.8551902770996
2014-03-05 06:01:53,-66.3497772216797,41.8518905639648
2014-03-05 09:07:25,-66.2400665283203,41.8230094909668
2014-03-05 11:12:42,-66.203498840332,41.7617301940918
2014-03-05 12:13:47,-66.2369689941406,41.7272605895996
2014-03-05 13:17:30,-66.286979675293,41.705940246582
2014-03-05 14:17:43,-66.3441619873047,41.7067184448242
2014-03-05 15:21:41,-66.3677368164063,41.7303695678711
2014-03-05 16:22:12,-66.3848114013672,41.7467918395996
2014-03-05 17:22:13,-66.3727416992188,41.7688217163086
2014-03-05 18:24:16,-66.390869140625,41.7830009460449
2014-03-05 19:26:34,-66.3895797729492,41.7871513366699
2014-03-05 20:29:04,-66.3851699829102,41.7853088378906
2014-03-05 21:32:44,-66.3615493774414,41.7672080993652
2014-03-05 22:34:39,-66.3691711425781,41.741870880127
2014-03-05 23:37:49,-66.3809509277344,41.7058982849121
2014-03-06 03:40:38,-66.4213485717773,41.6666488647461
2014-03-06 04:41:09,-66.456298828125,41.6782417297363
2014-03-06 05:46:30,-66.4421234130859,41.6965789794922
2014-03-06 06:52:05,-66.4316101074219,41.7263488769531
2014-03-06 07:52:08,-66.3975372314453,41.7435188293457
2014-03-06 10:00:22,-66.3308563232422,41.7361793518066
2014-03-06 11:03:29,-66.3452529907227,41.7313690185547
2014-03-06 15:06:37,-66.4409637451172,41.7308883666992
2014-03-06 16:08:42,-66.443962097168,41.751148223877
2014-03-06 17:08:55,-66.4352416992188,41.7739906311035
2014-03-06 18:14:36,-66.4386901855469,41.7923316955566
2014-03-06 21:16:11,-66.4762191772461,41.8047103881836
2014-03-06 23:18:53,-66.4688415527344,41.8095588684082
2014-03-07 01:22:42,-66.4500885009766,41.8075485229492
2014-03-07 02:22:48,-66.4624786376953,41.8054084777832
2014-03-07 03:27:36,-66.4726028442383,41.826099395752
2014-03-07 04:30:53,-66.4598770141602,41.8437309265137
2014-03-07 05:30:56,-66.4454879760742,41.8690795898438
2014-03-07 06:30:59,-66.4253692626953,41.8892784118652
2014-03-07 08:32:52,-66.4065399169922,41.9289817810059
2014-03-07 11:36:15,-66.3897094726563,41.9789009094238
2014-03-07 12:40:14,-66.3886566162109,41.9798583984375
2014-03-07 13:40:20,-66.3914413452148,41.9822387695313
2014-03-07 14:43:04,-66.3992462158203,41.9920387268066
2014-03-07 15:46:08,-66.4062576293945,42.0165214538574
2014-03-07 16:46:12,-66.4104690551758,42.0399208068848
2014-03-07 18:48:32,-66.4045867919922,42.1007614135742
2014-03-07 20:52:29,-66.3635101318359,42.1841201782227
2014-03-07 21:52:32,-66.3147506713867,42.2247085571289
2014-03-07 22:54:57,-66.2777786254883,42.246410369873
2014-03-07 23:55:25,-66.2669982910156,42.2690391540527
2014-03-08 00:58:11,-66.265251159668,42.2932090759277
2014-03-08 02:02:11,-66.2688217163086,42.3193702697754
2014-03-08 03:08:56,-66.2751998901367,42.3540687561035
2014-03-08 04:13:09,-66.2833404541016,42.3811988830566
2014-03-08 05:16:29,-66.2900924682617,42.411018371582
2014-03-08 07:18:30,-66.306022644043,42.4709587097168
2014-03-08 08:19:10,-66.312141418457,42.4953002929688
2014-03-08 10:27:29,-66.2874221801758,42.5416793823242
2014-03-08 12:28:52,-66.2559204101563,42.5474395751953
2014-03-08 13:32:35,-66.2616806030273,42.5566291809082
2014-03-08 14:32:49,-66.2801208496094,42.5773696899414
2014-03-08 15:32:52,-66.2878875732422,42.6055297851563
2014-03-08 16:34:06,-66.2861785888672,42.6358795166016
2014-03-08 17:36:54,-66.2751007080078,42.6774482727051
2014-03-08 18:39:00,-66.2616424560547,42.7099494934082
2014-03-08 21:46:58,-66.2158889770508,42.8342514038086
2014-03-09 00:50:51,-66.1405334472656,42.910888671875
2014-03-09 01:55:07,-66.1178970336914,42.9314498901367
2014-03-09 02:55:50,-66.1024169921875,42.9502105712891
2014-03-09 03:57:23,-66.0984725952148,42.9736404418945
2014-03-09 05:03:00,-66.0969467163086,42.9938888549805
2014-03-09 09:12:06,-66.1147384643555,43.1446113586426
2014-03-09 10:12:12,-66.0935592651367,43.1786308288574
2014-03-09 11:13:04,-66.0550918579102,43.2109718322754
2014-03-09 12:13:13,-66.0091934204102,43.2401885986328
2014-03-09 13:13:21,-65.9849319458008,43.2747611999512
2014-03-09 14:15:27,-65.976188659668,43.3183212280273
2014-03-09 15:15:42,-65.9868927001953,43.3578987121582
2014-03-09 17:17:05,-66.0408935546875,43.4135818481445
2014-03-09 18:17:06,-66.0435104370117,43.4582786560059
2014-03-09 19:17:42,-66.0268478393555,43.5063896179199
2014-03-09 20:17:48,-66.0077590942383,43.5050392150879
2014-03-10 08:17:48,-66.007926940918,43.5048217773438
2014-03-10 20:17:48,-66.0077514648438,43.5048904418945
2014-03-11 08:03:04,-66.0113677978516,43.504768371582
2014-03-11 09:06:42,-66.0707321166992,43.5102310180664
2014-03-11 10:10:09,-66.1294326782227,43.5191802978516
2014-03-11 11:11:48,-66.1911087036133,43.5127410888672
2014-03-11 12:12:38,-66.2472381591797,43.499568939209
2014-03-11 13:15:35,-66.3031921386719,43.4843902587891
2014-03-11 14:15:36,-66.3430480957031,43.4470901489258
2014-03-11 17:22:18,-66.4512023925781,43.3196105957031
2014-03-11 18:27:15,-66.4982528686523,43.2820091247559
2014-03-11 19:29:12,-66.543701171875,43.2527885437012
2014-03-11 21:34:42,-66.629280090332,43.214111328125
2014-03-11 22:40:13,-66.6536483764648,43.1937217712402
2014-03-11 23:46:30,-66.6819534301758,43.1777305603027
2014-03-12 01:56:27,-66.7158889770508,43.1239891052246
2014-03-12 03:59:47,-66.7416076660156,43.0896186828613
2014-03-12 05:05:32,-66.7640533447266,43.068359375
2014-03-12 06:10:38,-66.7557067871094,43.0421905517578
2014-03-12 07:12:04,-66.7528762817383,43.0177192687988
2014-03-12 08:19:00,-66.7592697143555,42.9945106506348
2014-03-12 09:19:46,-66.7751007080078,42.9773292541504
2014-03-12 10:20:30,-66.7827606201172,42.9606094360352
2014-03-12 11:23:31,-66.7931594848633,42.9391403198242
2014-03-12 12:29:24,-66.7992935180664,42.917179107666
2014-03-12 14:34:41,-66.7983093261719,42.8636894226074
2014-03-12 15:34:44,-66.7945175170898,42.8352088928223
2014-03-12 16:39:37,-66.7822723388672,42.8070983886719
2014-03-12 17:47:21,-66.7671890258789,42.7778816223145
2014-03-12 18:50:44,-66.7615814208984,42.7642593383789
2014-03-12 19:52:50,-66.7453765869141,42.7675285339355
2014-03-12 20:53:59,-66.7329483032227,42.759220123291
2014-03-12 21:55:29,-66.7200469970703,42.7634201049805
2014-03-12 22:58:38,-66.7193984985352,42.7581596374512
2014-03-13 01:03:05,-66.737419128418,42.753101348877
2014-03-13 02:04:00,-66.717041015625,42.7337188720703
2014-03-13 03:05:51,-66.6930236816406,42.716609954834
2014-03-13 07:17:49,-66.6443710327148,42.6006889343262
2014-03-13 10:19:56,-66.6457595825195,42.5416297912598
2014-03-13 11:25:04,-66.6572189331055,42.555980682373
2014-03-13 12:25:04,-66.6765594482422,42.5537796020508
2014-03-13 13:25:04,-66.6747970581055,42.5386390686035
2014-03-13 14:27:04,-66.6876373291016,42.5324592590332
2014-03-13 17:28:39,-66.6751327514648,42.500171661377
2014-03-13 19:32:55,-66.657958984375,42.5233612060547
2014-03-13 20:33:32,-66.6535797119141,42.5380096435547
2014-03-13 22:36:59,-66.6369934082031,42.5733604431152
2014-03-14 00:43:11,-66.6603393554688,42.5884399414063
2014-03-14 04:50:04,-66.6587600708008,42.5420608520508
2014-03-14 05:53:04,-66.6635513305664,42.5202789306641
2014-03-14 06:53:04,-66.6797027587891,42.5161895751953
2014-03-14 07:57:26,-66.7047882080078,42.5173416137695
2014-03-14 12:10:39,-66.828727722168,42.5484199523926
2014-03-14 14:12:13,-66.8605117797852,42.5487518310547
2014-03-14 15:13:21,-66.844970703125,42.5365600585938
2014-03-14 16:14:23,-66.830322265625,42.5307083129883
2014-03-14 17:14:28,-66.8265686035156,42.535831451416
2014-03-14 18:15:04,-66.8135833740234,42.53955078125
2014-03-14 19:21:11,-66.8029403686523,42.546989440918
2014-03-14 22:30:29,-66.779411315918,42.5843200683594
2014-03-14 23:30:30,-66.7766571044922,42.6048583984375
2014-03-15 00:32:04,-66.7750396728516,42.619270324707
2014-03-15 01:33:04,-66.7701034545898,42.6281204223633
2014-03-15 02:38:26,-66.7453994750977,42.6220207214355
2014-03-15 03:39:43,-66.7279281616211,42.6049194335938
2014-03-15 06:46:15,-66.6325607299805,42.5211181640625
2014-03-15 07:48:38,-66.6045532226563,42.5112991333008
2014-03-15 08:51:41,-66.6008605957031,42.5105590820313
2014-03-15 09:54:30,-66.5931396484375,42.5223808288574
2014-03-15 11:55:54,-66.6462707519531,42.5457801818848
2014-03-15 14:59:17,-66.6907501220703,42.5522804260254
2014-03-15 18:04:45,-66.6393280029297,42.5403518676758
2014-03-15 19:04:46,-66.6079483032227,42.5339202880859
2014-03-15 20:05:46,-66.5715408325195,42.5329284667969
2014-03-15 21:08:00,-66.5424423217773,42.5366897583008
2014-03-16 00:12:38,-66.5511474609375,42.5824089050293
2014-03-16 01:16:10,-66.5737991333008,42.5995597839355
2014-03-16 03:21:54,-66.5942535400391,42.6138305664063
2014-03-16 04:22:08,-66.5849990844727,42.5986785888672
2014-03-16 05:22:09,-66.5817337036133,42.5864601135254
2014-03-16 08:25:31,-66.5327224731445,42.5267181396484
2014-03-16 09:27:10,-66.5232620239258,42.5161590576172
2014-03-16 10:29:31,-66.5164337158203,42.5150108337402
2014-03-16 13:29:46,-66.5446395874023,42.5196189880371
2014-03-16 14:30:22,-66.5523223876953,42.5138893127441
2014-03-16 16:30:23,-66.5350723266602,42.5029106140137
2014-03-16 17:30:28,-66.5175628662109,42.493091583252
2014-03-16 18:32:47,-66.4850463867188,42.5033798217773
2014-03-16 19:32:52,-66.4506301879883,42.5064697265625
2014-03-16 21:33:09,-66.4038467407227,42.5088691711426
2014-03-16 23:36:49,-66.4191665649414,42.5464401245117
2014-03-17 01:36:50,-66.4727096557617,42.5875587463379
2014-03-17 03:40:50,-66.5107421875,42.6231307983398
2014-03-17 04:40:52,-66.5237426757813,42.6198310852051
2014-03-17 05:41:30,-66.5369186401367,42.600959777832
2014-03-17 06:43:51,-66.5420227050781,42.5710105895996
2014-03-17 08:52:42,-66.5433502197266,42.520320892334
2014-03-17 10:54:16,-66.5733337402344,42.513729095459
2014-03-17 12:00:39,-66.6072311401367,42.5289192199707
2014-03-17 13:05:45,-66.642822265625,42.527889251709
2014-03-17 14:07:40,-66.6515808105469,42.5108299255371
2014-03-17 15:16:12,-66.6509628295898,42.5089302062988
2014-03-17 18:17:16,-66.5912628173828,42.5042610168457
2014-03-17 20:19:12,-66.5239562988281,42.4908790588379
2014-03-17 23:19:22,-66.4628601074219,42.4978790283203
2014-03-18 00:19:26,-66.4787216186523,42.5079917907715
2014-03-18 03:20:07,-66.5380783081055,42.5511512756348
2014-03-18 05:24:53,-66.5422668457031,42.5354499816895
2014-03-18 06:32:49,-66.5327301025391,42.512378692627
2014-03-18 08:40:27,-66.4854431152344,42.4927597045898
2014-03-18 11:46:17,-66.4532699584961,42.4815483093262
2014-03-18 14:54:07,-66.5419235229492,42.4866790771484
2014-03-18 16:59:07,-66.5598983764648,42.4892196655273
2014-03-18 18:03:18,-66.5649490356445,42.4699287414551
2014-03-18 19:13:20,-66.5472564697266,42.4581108093262
2014-03-18 20:21:20,-66.523567199707,42.439640045166
2014-03-18 21:21:24,-66.4935913085938,42.4346618652344
2014-03-18 22:21:46,-66.4660873413086,42.4362602233887
2014-03-18 23:25:25,-66.4600830078125,42.4383087158203
2014-03-19 00:26:36,-66.4628982543945,42.4420013427734
2014-03-19 01:29:04,-66.4740524291992,42.4381484985352
2014-03-19 04:40:59,-66.5576095581055,42.4057388305664
2014-03-19 06:42:30,-66.5512619018555,42.3696594238281
2014-03-19 09:51:20,-66.4588165283203,42.3096199035645
2014-03-19 13:13:15,-66.4714431762695,42.306339263916
2014-03-19 16:24:37,-66.5824432373047,42.339168548584
2014-03-19 18:26:04,-66.6110763549805,42.3819999694824
2014-03-19 20:44:40,-66.563591003418,42.4159889221191
2014-03-19 22:44:44,-66.5090484619141,42.4460983276367
2014-03-19 23:44:50,-66.4902496337891,42.460090637207
2014-03-20 00:53:26,-66.4797821044922,42.4773902893066
2014-03-20 01:54:38,-66.4766387939453,42.4914207458496
2014-03-20 02:56:12,-66.4833374023438,42.5061416625977
2014-03-20 03:56:16,-66.4890365600586,42.5251007080078
2014-03-20 06:04:44,-66.5259780883789,42.5495300292969
2014-03-20 07:04:46,-66.5055694580078,42.5410194396973
2014-03-20 08:07:59,-66.4812622070313,42.5414810180664
2014-03-20 10:22:05,-66.4055404663086,42.5199584960938
2014-03-20 11:23:43,-66.3849868774414,42.513729095459
2014-03-20 12:23:46,-66.3756103515625,42.5237503051758
2014-03-20 15:26:36,-66.449592590332,42.5710792541504
2014-03-20 16:30:04,-66.4717178344727,42.584831237793
2014-03-20 20:45:56,-66.4187622070313,42.5330390930176
2014-03-20 23:53:21,-66.3545913696289,42.500659942627
2014-03-21 01:55:48,-66.3874969482422,42.4983711242676
2014-03-21 04:57:27,-66.4865417480469,42.5498695373535
2014-03-21 05:57:34,-66.5059509277344,42.5634918212891
2014-03-21 07:01:37,-66.5050201416016,42.5554504394531
2014-03-21 08:10:26,-66.4961471557617,42.5377616882324
2014-03-21 09:17:37,-66.471076965332,42.5128517150879
2014-03-21 10:22:21,-66.4316329956055,42.4929695129395
2014-03-21 11:22:24,-66.4011917114258,42.4911613464355
2014-03-21 12:22:24,-66.3796691894531,42.4873008728027
2014-03-21 14:26:05,-66.4200134277344,42.48583984375
2014-03-21 15:27:51,-66.4417724609375,42.5061416625977
2014-03-21 16:30:24,-66.4667892456055,42.5253295898438
2014-03-21 17:35:09,-66.4944686889648,42.5426597595215
2014-03-21 19:41:56,-66.5073013305664,42.5297508239746
2014-03-21 20:41:56,-66.4891204833984,42.5206489562988
2014-03-21 23:50:34,-66.4159927368164,42.5258102416992
2014-03-22 01:50:41,-66.4164123535156,42.5178985595703
2014-03-22 02:51:48,-66.4341278076172,42.5208511352539
2014-03-22 07:00:07,-66.537483215332,42.557201385498
2014-03-22 08:04:56,-66.5489883422852,42.5474586486816
2014-03-22 09:05:00,-66.5456008911133,42.5288887023926
2014-03-22 10:14:16,-66.5221786499023,42.513069152832
2014-03-22 11:14:21,-66.4931106567383,42.5122299194336
2014-03-22 13:15:35,-66.4590377807617,42.5244102478027
2014-03-22 14:19:04,-66.4826126098633,42.5336494445801
2014-03-22 16:19:36,-66.5151977539063,42.563159942627
2014-03-22 19:23:22,-66.5438613891602,42.6050910949707
2014-03-22 20:24:36,-66.5428466796875,42.6228904724121
2014-03-22 23:28:33,-66.4767303466797,42.7019805908203
2014-03-23 00:28:57,-66.4418334960938,42.7164306640625
2014-03-23 01:29:53,-66.4032363891602,42.7388000488281
2014-03-23 02:30:54,-66.3818893432617,42.7511291503906
2014-03-23 03:31:06,-66.3774719238281,42.7628288269043
2014-03-23 05:36:47,-66.3644180297852,42.8162384033203
2014-03-23 08:41:25,-66.3245086669922,42.8274688720703
2014-03-23 09:44:57,-66.3008804321289,42.8545417785645
2014-03-23 10:47:05,-66.2809295654297,42.8759117126465
2014-03-23 11:47:09,-66.2565612792969,42.8874893188477
2014-03-23 12:47:33,-66.2292175292969,42.9006881713867
2014-03-23 13:47:35,-66.2004928588867,42.9129104614258
2014-03-23 14:48:57,-66.1824798583984,42.9334716796875
2014-03-23 15:49:00,-66.1861572265625,42.9694290161133
2014-03-23 16:51:27,-66.1911926269531,43.0107002258301
2014-03-23 18:56:05,-66.2030715942383,43.0953903198242
2014-03-23 19:58:27,-66.2048110961914,43.1451683044434
2014-03-23 21:01:04,-66.1954193115234,43.1907615661621
2014-03-23 22:03:32,-66.1588897705078,43.225269317627
2014-03-23 23:03:33,-66.1100311279297,43.2487297058105
2014-03-24 00:06:57,-66.0567779541016,43.2591285705566
2014-03-24 01:10:29,-66.0204391479492,43.2763404846191
2014-03-24 02:10:32,-66.0033493041992,43.3075714111328
2014-03-24 04:14:50,-66.0322570800781,43.3981399536133
2014-03-24 05:14:50,-66.0266723632813,43.4243392944336
2014-03-24 06:17:45,-66.0271377563477,43.464729309082
2014-03-24 07:20:26,-66.0045928955078,43.4933090209961
2014-03-25 08:20:32,-66.0083465576172,43.5047302246094
2014-03-25 13:18:08,-66.0086822509766,43.5033912658691
2014-03-25 14:18:52,-66.0335235595703,43.4842681884766
2014-03-25 15:23:45,-66.0698776245117,43.4524116516113
2014-03-25 16:28:24,-66.1076431274414,43.4163818359375
2014-03-25 17:31:41,-66.1584320068359,43.3917198181152
2014-03-25 19:43:22,-66.270751953125,43.3606109619141
2014-03-25 21:47:32,-66.3533020019531,43.3315582275391
2014-03-25 22:51:04,-66.3767318725586,43.3035583496094
2014-03-25 23:54:18,-66.3894805908203,43.266960144043
2014-03-26 00:54:47,-66.4004516601563,43.2280693054199
2014-03-26 01:54:52,-66.4024505615234,43.1844215393066
2014-03-26 02:56:23,-66.4096603393555,43.1446800231934
2014-03-26 04:00:19,-66.4109802246094,43.1117210388184
2014-03-26 05:06:52,-66.4167709350586,43.0841102600098
2014-03-26 07:19:46,-66.4372482299805,43.0390586853027
2014-03-26 08:24:39,-66.4592514038086,43.0263595581055
2014-03-26 10:36:04,-66.472541809082,42.9726104736328
2014-03-26 11:39:05,-66.4802474975586,42.938060760498
2014-03-26 12:39:49,-66.4846496582031,42.9032402038574
2014-03-26 13:39:49,-66.4835433959961,42.869571685791
2014-03-26 14:39:49,-66.4750213623047,42.856258392334
2014-03-26 15:41:54,-66.4749526977539,42.8450698852539
2014-03-26 17:48:21,-66.4689025878906,42.8081512451172
2014-03-26 20:55:09,-66.4930572509766,42.7645683288574
2014-03-26 21:55:12,-66.4862213134766,42.7667617797852
2014-03-26 22:57:10,-66.4856414794922,42.7572402954102
2014-03-27 01:02:28,-66.4674911499023,42.7387084960938
2014-03-27 03:04:56,-66.4294967651367,42.6913681030273
2014-03-27 06:11:18,-66.3688507080078,42.6209182739258
2014-03-27 07:17:13,-66.3665237426758,42.6034698486328
2014-03-27 08:17:58,-66.3800506591797,42.5882110595703
2014-03-27 09:19:26,-66.3977203369141,42.5706481933594
2014-03-27 10:19:32,-66.4270629882813,42.5553283691406
2014-03-27 11:26:35,-66.4399185180664,42.5337600708008
2014-03-27 12:26:40,-66.4347381591797,42.5128898620605
2014-03-27 13:34:08,-66.4266662597656,42.4877815246582
2014-03-27 14:39:22,-66.3937225341797,42.4633483886719
2014-03-27 15:43:14,-66.383186340332,42.4336814880371
2014-03-27 21:01:35,-66.3262481689453,42.4419212341309
2014-03-27 22:03:58,-66.373420715332,42.467700958252
2014-03-27 23:05:18,-66.4225082397461,42.4953918457031
2014-03-28 00:06:59,-66.4534912109375,42.5174407958984
2014-03-28 01:14:43,-66.4667663574219,42.5329895019531
2014-03-28 02:17:14,-66.4646987915039,42.5406188964844
2014-03-28 03:23:28,-66.4449462890625,42.5486717224121
2014-03-28 04:26:46,-66.4398193359375,42.5449104309082
2014-03-28 05:27:19,-66.4343719482422,42.5149116516113
2014-03-28 06:33:10,-66.4406280517578,42.4891700744629
2014-03-28 07:39:56,-66.4673004150391,42.468391418457
2014-03-28 09:52:15,-66.5511093139648,42.4580307006836
2014-03-28 10:56:27,-66.5905914306641,42.4574089050293
2014-03-28 12:00:14,-66.6362609863281,42.4643096923828
2014-03-28 13:03:24,-66.6938095092773,42.4736595153809
2014-03-28 17:06:06,-66.7465972900391,42.5107917785645
2014-03-28 21:17:22,-66.7301635742188,42.5743103027344
2014-03-29 00:25:24,-66.7617492675781,42.6344299316406
2014-03-29 01:26:15,-66.7729797363281,42.6401786804199
2014-03-29 02:32:24,-66.7770233154297,42.6293487548828
2014-03-29 03:33:33,-66.7842483520508,42.6046104431152
2014-03-29 04:39:29,-66.7734985351563,42.5706214904785
2014-03-29 05:47:27,-66.7555770874023,42.5390586853027
2014-03-29 07:49:21,-66.7402191162109,42.5195388793945
2014-03-29 09:53:48,-66.7604904174805,42.5415191650391
2014-03-29 10:54:43,-66.7739410400391,42.5612983703613
2014-03-29 11:55:58,-66.7956314086914,42.5621109008789
2014-03-29 13:58:44,-66.8058929443359,42.5289916992188
2014-03-29 15:02:56,-66.7978210449219,42.5151405334473
2014-03-29 16:03:00,-66.7751007080078,42.4987182617188
2014-03-29 17:04:10,-66.7352066040039,42.4984512329102
2014-03-29 20:13:59,-66.6720886230469,42.4865989685059
2014-03-29 23:28:27,-66.7120208740234,42.5177383422852
2014-03-30 00:34:58,-66.7082595825195,42.5299987792969
2014-03-30 01:35:30,-66.7069473266602,42.5255889892578
2014-03-30 02:35:33,-66.7056884765625,42.5114707946777
2014-03-30 03:35:36,-66.685546875,42.5054817199707
2014-03-30 04:35:36,-66.6574935913086,42.4984397888184
2014-03-30 05:40:39,-66.6261215209961,42.4838905334473
2014-03-30 09:51:13,-66.5473785400391,42.4657402038574
2014-03-30 10:51:16,-66.550407409668,42.4766807556152
2014-03-30 11:55:48,-66.595817565918,42.4770698547363
2014-03-30 12:57:49,-66.6331481933594,42.4890213012695
2014-03-30 13:59:45,-66.6443023681641,42.5136795043945
2014-03-30 15:07:19,-66.6425476074219,42.5265083312988
2014-03-30 16:08:16,-66.6245269775391,42.5337181091309
2014-03-30 18:14:24,-66.5577011108398,42.5299110412598
2014-03-30 19:14:28,-66.513786315918,42.5353088378906
2014-03-30 22:17:04,-66.4886703491211,42.5477981567383
2014-03-30 23:17:04,-66.5135803222656,42.5681686401367
2014-03-31 00:20:56,-66.5387725830078,42.5905914306641
2014-03-31 01:21:00,-66.5693283081055,42.6079216003418
2014-03-31 03:23:48,-66.6140899658203,42.6452293395996
2014-03-31 05:31:39,-66.5952682495117,42.6184692382813
2014-03-31 06:32:08,-66.5691680908203,42.5928382873535
2014-03-31 07:34:46,-66.5526885986328,42.5598411560059
2014-03-31 10:47:26,-66.5596694946289,42.5205116271973
2014-03-31 11:50:51,-66.5790481567383,42.5421714782715
2014-03-31 12:50:56,-66.6156997680664,42.5555000305176
2014-03-31 15:00:17,-66.6616821289063,42.5822486877441
2014-03-31 17:00:21,-66.657356262207,42.5726890563965
2014-03-31 19:00:28,-66.6555633544922,42.5627708435059
2014-03-31 21:04:32,-66.6360321044922,42.5653495788574
2014-03-31 22:06:36,-66.6515808105469,42.564811706543
2014-04-01 00:06:48,-66.6975173950195,42.5909996032715
2014-04-01 01:06:48,-66.718620300293,42.6029281616211
2014-04-01 02:06:52,-66.7417984008789,42.6130714416504
2014-04-01 04:06:54,-66.7799911499023,42.6118202209473
2014-04-01 05:11:04,-66.7929306030273,42.6011505126953
2014-04-01 06:15:14,-66.8158569335938,42.592098236084
2014-04-01 11:30:49,-66.7959976196289,42.5603790283203
2014-04-01 16:39:46,-66.8376922607422,42.5803413391113
2014-04-01 19:45:04,-66.7559661865234,42.5513687133789
2014-04-01 20:52:31,-66.7179107666016,42.5291595458984
2014-04-01 21:52:37,-66.6853332519531,42.518310546875
2014-04-01 22:55:13,-66.6652374267578,42.5142211914063
2014-04-01 23:56:04,-66.6466522216797,42.5228500366211
2014-04-02 00:59:04,-66.6595993041992,42.5250701904297
2014-04-02 04:06:04,-66.6750793457031,42.5106391906738
2014-04-02 06:11:08,-66.6526336669922,42.4819793701172
2014-04-02 07:17:51,-66.6201019287109,42.465461730957
2014-04-02 08:25:46,-66.5784378051758,42.4577102661133
2014-04-02 09:29:31,-66.5353164672852,42.450870513916
2014-04-02 10:35:19,-66.4901580810547,42.4537200927734
2014-04-02 11:38:11,-66.4648208618164,42.4646987915039
2014-04-02 14:49:18,-66.4859313964844,42.5199012756348
2014-04-02 15:53:29,-66.5163116455078,42.5471305847168
2014-04-02 17:53:44,-66.5363464355469,42.5861396789551
2014-04-02 18:54:12,-66.533073425293,42.5793304443359
2014-04-02 19:54:56,-66.4957275390625,42.5838088989258
2014-04-02 20:55:23,-66.4550170898438,42.6033782958984
2014-04-02 23:00:12,-66.3878479003906,42.6469802856445
2014-04-03 01:00:31,-66.3949813842773,42.6890602111816
2014-04-03 02:02:29,-66.4081878662109,42.721851348877
2014-04-03 03:04:12,-66.4152603149414,42.7651786804199
2014-04-03 05:04:16,-66.3905029296875,42.823429107666
2014-04-03 06:04:16,-66.3857116699219,42.8364486694336
2014-04-03 08:58:25,-66.3114700317383,42.8520584106445
2014-04-03 09:58:28,-66.2808532714844,42.860279083252
2014-04-03 11:01:06,-66.2563705444336,42.8677215576172
2014-04-03 12:06:52,-66.2493515014648,42.878101348877
2014-04-03 13:06:53,-66.2497634887695,42.8956298828125
2014-04-03 14:08:23,-66.2773666381836,42.9193382263184
2014-04-03 15:08:53,-66.2955780029297,42.9488792419434
2014-04-03 16:13:20,-66.313850402832,42.9863815307617
2014-04-03 17:13:35,-66.3260192871094,43.0230712890625
2014-04-03 18:15:31,-66.3258590698242,43.055850982666
2014-04-03 19:19:35,-66.3119812011719,43.0810585021973
2014-04-03 20:22:32,-66.2968063354492,43.1058006286621
2014-04-03 21:22:55,-66.2774276733398,43.1279716491699
2014-04-03 23:23:47,-66.2645111083984,43.158390045166
2014-04-04 03:31:55,-66.2836303710938,43.3379516601563
2014-04-04 05:37:26,-66.2104187011719,43.4353485107422
2014-04-04 06:42:04,-66.1509780883789,43.4554786682129
2014-04-04 07:43:32,-66.0870590209961,43.4603118896484
2014-04-04 08:46:04,-66.0100173950195,43.4541702270508
2014-04-04 09:46:29,-65.9934005737305,43.4765586853027
2014-04-04 10:46:32,-66.0084228515625,43.5041084289551
2014-04-04 11:46:32,-66.0085296630859,43.5043716430664
2014-04-04 15:38:56,-66.0115814208984,43.5057182312012
2014-04-04 16:39:00,-66.0084991455078,43.5046691894531
2014-04-05 04:32:54,-66.0094833374023,43.5044403076172
2014-04-05 05:36:15,-66.0149078369141,43.5065383911133
2014-04-05 06:36:20,-66.0125503540039,43.5042381286621
2014-04-05 07:43:00,-66.0042419433594,43.5026206970215
2014-04-05 08:43:15,-65.985710144043,43.5110893249512
2014-04-05 09:45:10,-65.9736785888672,43.4858207702637
2014-04-05 10:45:16,-65.9865570068359,43.4637908935547
2014-04-05 12:45:48,-65.9874267578125,43.4641990661621
2014-04-05 14:56:58,-65.9879302978516,43.4623489379883
2014-04-05 16:00:06,-66.0271301269531,43.4346389770508